-- phpMyAdmin SQL Dump
-- version 5.2.1
-- https://www.phpmyadmin.net/
--
-- Host: 127.0.0.1
-- Waktu pembuatan: 12 Jan 2024 pada 07.56
-- Versi server: 10.4.32-MariaDB
-- Versi PHP: 8.0.30

SET SQL_MODE = "NO_AUTO_VALUE_ON_ZERO";
START TRANSACTION;
SET time_zone = "+00:00";


/*!40101 SET @OLD_CHARACTER_SET_CLIENT=@@CHARACTER_SET_CLIENT */;
/*!40101 SET @OLD_CHARACTER_SET_RESULTS=@@CHARACTER_SET_RESULTS */;
/*!40101 SET @OLD_COLLATION_CONNECTION=@@COLLATION_CONNECTION */;
/*!40101 SET NAMES utf8mb4 */;

--
-- Database: `absensi`
--

-- --------------------------------------------------------

--
-- Struktur dari tabel `attendance`
--

CREATE TABLE `attendance` (
  `id` int(11) NOT NULL,
  `username` char(6) NOT NULL,
  `employee_id` int(3) UNSIGNED ZEROFILL NOT NULL,
  `department_id` char(3) NOT NULL,
  `shift_id` int(1) NOT NULL,
  `location_id` int(1) NOT NULL,
  `in_time` int(11) NOT NULL,
  `notes` varchar(120) NOT NULL,
  `image` varchar(50) NOT NULL,
  `lack_of` varchar(11) NOT NULL,
  `in_status` varchar(15) NOT NULL,
  `out_time` int(11) NOT NULL,
  `out_status` varchar(15) NOT NULL
) ENGINE=InnoDB DEFAULT CHARSET=latin1 COLLATE=latin1_swedish_ci;

--
-- Dumping data untuk tabel `attendance`
--

INSERT INTO `attendance` (`id`, `username`, `employee_id`, `department_id`, `shift_id`, `location_id`, `in_time`, `notes`, `image`, `lack_of`, `in_status`, `out_time`, `out_status`) VALUES
(68, 'STD031', 031, 'STD', 1, 2, 1705041976, 'di lokasi', 'item-240112-5842313c4a.png', 'None', 'Late', 1705042043, 'Early'),
(69, 'STD032', 032, 'STD', 1, 3, 1705042227, 'kampus', 'item-240112-5dbf612130.png', 'None', 'Late', 1705042230, 'Early');

-- --------------------------------------------------------

--
-- Struktur dari tabel `department`
--

CREATE TABLE `department` (
  `id` char(3) NOT NULL,
  `name` varchar(50) NOT NULL
) ENGINE=InnoDB DEFAULT CHARSET=latin1 COLLATE=latin1_swedish_ci;

--
-- Dumping data untuk tabel `department`
--

INSERT INTO `department` (`id`, `name`) VALUES
('ADM', 'Admin Department'),
('STD', 'Store Department');

-- --------------------------------------------------------

--
-- Struktur dari tabel `employee`
--

CREATE TABLE `employee` (
  `id` int(3) UNSIGNED ZEROFILL NOT NULL,
  `name` varchar(50) NOT NULL,
  `email` varchar(128) NOT NULL,
  `gender` char(1) NOT NULL,
  `image` varchar(128) NOT NULL,
  `birth_date` date NOT NULL,
  `hire_date` date NOT NULL,
  `shift_id` int(1) NOT NULL
) ENGINE=InnoDB DEFAULT CHARSET=latin1 COLLATE=latin1_swedish_ci;

--
-- Dumping data untuk tabel `employee`
--

INSERT INTO `employee` (`id`, `name`, `email`, `gender`, `image`, `birth_date`, `hire_date`, `shift_id`) VALUES
(025, 'Admin ', 'admin@admin.com', 'M', 'default.png', '0000-00-00', '0000-00-00', 0),
(031, 'Haikal', 'haikal@gmail.com', 'M', 'item-240112-d00a242986.png', '2001-10-01', '2024-01-09', 1),
(032, 'samsudin', 'samsudin@gmail.com', 'M', 'item-240112-24bccb2ee1.png', '2000-05-01', '2024-01-12', 1),
(033, 'ekal', 'ekal@gmail.com', 'M', 'item-240112-43185ee74e.png', '2001-12-31', '2024-01-12', 1);

-- --------------------------------------------------------

--
-- Struktur dari tabel `employee_department`
--

CREATE TABLE `employee_department` (
  `id` int(3) NOT NULL,
  `employee_id` int(3) UNSIGNED ZEROFILL NOT NULL,
  `department_id` char(3) NOT NULL
) ENGINE=InnoDB DEFAULT CHARSET=latin1 COLLATE=latin1_swedish_ci;

--
-- Dumping data untuk tabel `employee_department`
--

INSERT INTO `employee_department` (`id`, `employee_id`, `department_id`) VALUES
(31, 031, 'STD'),
(32, 032, 'STD'),
(33, 033, 'ADM');

-- --------------------------------------------------------

--
-- Struktur dari tabel `location`
--

CREATE TABLE `location` (
  `id` int(1) NOT NULL,
  `name` varchar(50) NOT NULL
) ENGINE=InnoDB DEFAULT CHARSET=latin1 COLLATE=latin1_swedish_ci;

--
-- Dumping data untuk tabel `location`
--

INSERT INTO `location` (`id`, `name`) VALUES
(1, 'Rumah'),
(2, 'CanNgopi'),
(3, 'Kampus Pradita');

-- --------------------------------------------------------

--
-- Struktur dari tabel `shift`
--

CREATE TABLE `shift` (
  `id` int(1) NOT NULL,
  `start` time NOT NULL,
  `end` time NOT NULL
) ENGINE=InnoDB DEFAULT CHARSET=latin1 COLLATE=latin1_swedish_ci;

--
-- Dumping data untuk tabel `shift`
--

INSERT INTO `shift` (`id`, `start`, `end`) VALUES
(1, '08:00:00', '16:00:00');

-- --------------------------------------------------------

--
-- Struktur dari tabel `users`
--

CREATE TABLE `users` (
  `username` char(6) NOT NULL,
  `password` varchar(128) NOT NULL,
  `employee_id` int(3) UNSIGNED ZEROFILL NOT NULL,
  `role_id` int(1) NOT NULL
) ENGINE=InnoDB DEFAULT CHARSET=latin1 COLLATE=latin1_swedish_ci;

--
-- Dumping data untuk tabel `users`
--

INSERT INTO `users` (`username`, `password`, `employee_id`, `role_id`) VALUES
('ADM033', '$2y$10$AIycDz/v05gsSrYjnt5tFuIEQs2571N71vC9MYkIuYXTnx.ygOKjm', 033, 1),
('admin', '$2y$10$7rLSvRVyTQORapkDOqmkhetjF6H9lJHngr4hJMSM2lHObJbW5EQh6', 025, 1),
('STD031', '$2y$10$8sxZiWbRZsdijrGZpE1voOoi1hg8ybIovP3IO/Cpu.5bWKHt7uKve', 031, 2),
('STD032', '$2y$10$fkUT5kkBO0PIrfFV6AOUleIVkzJjpBMyzxrOX1KuY4wiJXTlBbIGm', 032, 2);

-- --------------------------------------------------------

--
-- Struktur dari tabel `user_access`
--

CREATE TABLE `user_access` (
  `id` int(2) NOT NULL,
  `role_id` int(1) NOT NULL,
  `menu_id` int(2) NOT NULL
) ENGINE=InnoDB DEFAULT CHARSET=latin1 COLLATE=latin1_swedish_ci;

--
-- Dumping data untuk tabel `user_access`
--

INSERT INTO `user_access` (`id`, `role_id`, `menu_id`) VALUES
(1, 1, 1),
(2, 1, 2),
(3, 2, 3),
(4, 2, 4),
(5, 1, 5);

-- --------------------------------------------------------

--
-- Struktur dari tabel `user_menu`
--

CREATE TABLE `user_menu` (
  `id` int(2) NOT NULL,
  `menu` varchar(20) NOT NULL
) ENGINE=InnoDB DEFAULT CHARSET=latin1 COLLATE=latin1_swedish_ci;

--
-- Dumping data untuk tabel `user_menu`
--

INSERT INTO `user_menu` (`id`, `menu`) VALUES
(1, 'Admin'),
(2, 'Master'),
(3, 'Attendance'),
(4, 'Profile'),
(5, 'Report');

-- --------------------------------------------------------

--
-- Struktur dari tabel `user_role`
--

CREATE TABLE `user_role` (
  `id` int(1) NOT NULL,
  `name` varchar(20) NOT NULL
) ENGINE=InnoDB DEFAULT CHARSET=latin1 COLLATE=latin1_swedish_ci;

--
-- Dumping data untuk tabel `user_role`
--

INSERT INTO `user_role` (`id`, `name`) VALUES
(1, 'Admin'),
(2, 'Employee');

-- --------------------------------------------------------

--
-- Struktur dari tabel `user_submenu`
--

CREATE TABLE `user_submenu` (
  `id` int(2) NOT NULL,
  `menu_id` int(2) NOT NULL,
  `title` varchar(20) NOT NULL,
  `url` varchar(50) NOT NULL,
  `icon` varchar(50) NOT NULL,
  `is_active` int(1) NOT NULL
) ENGINE=InnoDB DEFAULT CHARSET=latin1 COLLATE=latin1_swedish_ci;

--
-- Dumping data untuk tabel `user_submenu`
--

INSERT INTO `user_submenu` (`id`, `menu_id`, `title`, `url`, `icon`, `is_active`) VALUES
(1, 1, 'Dashboard', 'admin', 'fas fa-fw fa-tachometer-alt', 1),
(2, 2, 'Department', 'master', 'fas fa-fw fa-building', 1),
(3, 2, 'Shift', 'master/shift', 'fas fa-fw fa-exchange-alt', 1),
(4, 2, 'Karyawan', 'master/employee', 'fas fa-fw fa-id-badge', 1),
(5, 2, 'Lokasi', 'master/location', 'fas fa-fw fa-map-marker-alt', 1),
(6, 3, 'Attendance Form', 'attendance', 'fas fa-fw fa-clipboard-list', 1),
(7, 3, 'Statistics', 'attendance/stats', 'fas fa-fw fa-chart-pie', 0),
(8, 4, 'My Profile', 'profile', 'fas fa-fw fa-id-card', 1),
(9, 2, 'Users', 'master/users', 'fas fa-fw fa-users', 1),
(11, 5, 'Print Laporan', 'report', 'fas fa-fw fa-paste', 1);

--
-- Indexes for dumped tables
--

--
-- Indeks untuk tabel `attendance`
--
ALTER TABLE `attendance`
  ADD PRIMARY KEY (`id`),
  ADD KEY `username` (`username`),
  ADD KEY `employee_id` (`employee_id`),
  ADD KEY `department_id` (`department_id`),
  ADD KEY `shift_id` (`shift_id`),
  ADD KEY `location_id` (`location_id`);

--
-- Indeks untuk tabel `department`
--
ALTER TABLE `department`
  ADD PRIMARY KEY (`id`);

--
-- Indeks untuk tabel `employee`
--
ALTER TABLE `employee`
  ADD PRIMARY KEY (`id`);

--
-- Indeks untuk tabel `employee_department`
--
ALTER TABLE `employee_department`
  ADD PRIMARY KEY (`id`),
  ADD KEY `employee_department_ibfk_1` (`employee_id`),
  ADD KEY `employee_department_ibfk_2` (`department_id`);

--
-- Indeks untuk tabel `location`
--
ALTER TABLE `location`
  ADD PRIMARY KEY (`id`);

--
-- Indeks untuk tabel `shift`
--
ALTER TABLE `shift`
  ADD PRIMARY KEY (`id`);

--
-- Indeks untuk tabel `users`
--
ALTER TABLE `users`
  ADD PRIMARY KEY (`username`),
  ADD KEY `employee_id` (`employee_id`),
  ADD KEY `role_id` (`role_id`);

--
-- Indeks untuk tabel `user_access`
--
ALTER TABLE `user_access`
  ADD PRIMARY KEY (`id`),
  ADD KEY `menu_id` (`menu_id`),
  ADD KEY `role_id` (`role_id`);

--
-- Indeks untuk tabel `user_menu`
--
ALTER TABLE `user_menu`
  ADD PRIMARY KEY (`id`);

--
-- Indeks untuk tabel `user_role`
--
ALTER TABLE `user_role`
  ADD PRIMARY KEY (`id`);

--
-- Indeks untuk tabel `user_submenu`
--
ALTER TABLE `user_submenu`
  ADD PRIMARY KEY (`id`),
  ADD KEY `menu_id` (`menu_id`);

--
-- AUTO_INCREMENT untuk tabel yang dibuang
--

--
-- AUTO_INCREMENT untuk tabel `attendance`
--
ALTER TABLE `attendance`
  MODIFY `id` int(11) NOT NULL AUTO_INCREMENT, AUTO_INCREMENT=70;

--
-- AUTO_INCREMENT untuk tabel `employee`
--
ALTER TABLE `employee`
  MODIFY `id` int(3) UNSIGNED ZEROFILL NOT NULL AUTO_INCREMENT, AUTO_INCREMENT=34;

--
-- AUTO_INCREMENT untuk tabel `employee_department`
--
ALTER TABLE `employee_department`
  MODIFY `id` int(3) NOT NULL AUTO_INCREMENT, AUTO_INCREMENT=34;

--
-- AUTO_INCREMENT untuk tabel `location`
--
ALTER TABLE `location`
  MODIFY `id` int(1) NOT NULL AUTO_INCREMENT, AUTO_INCREMENT=10;

--
-- AUTO_INCREMENT untuk tabel `shift`
--
ALTER TABLE `shift`
  MODIFY `id` int(1) NOT NULL AUTO_INCREMENT, AUTO_INCREMENT=2;

--
-- AUTO_INCREMENT untuk tabel `user_access`
--
ALTER TABLE `user_access`
  MODIFY `id` int(2) NOT NULL AUTO_INCREMENT, AUTO_INCREMENT=6;

--
-- AUTO_INCREMENT untuk tabel `user_menu`
--
ALTER TABLE `user_menu`
  MODIFY `id` int(2) NOT NULL AUTO_INCREMENT, AUTO_INCREMENT=6;

--
-- AUTO_INCREMENT untuk tabel `user_role`
--
ALTER TABLE `user_role`
  MODIFY `id` int(1) NOT NULL AUTO_INCREMENT, AUTO_INCREMENT=3;

--
-- AUTO_INCREMENT untuk tabel `user_submenu`
--
ALTER TABLE `user_submenu`
  MODIFY `id` int(2) NOT NULL AUTO_INCREMENT, AUTO_INCREMENT=12;

--
-- Ketidakleluasaan untuk tabel pelimpahan (Dumped Tables)
--

--
-- Ketidakleluasaan untuk tabel `attendance`
--
ALTER TABLE `attendance`
  ADD CONSTRAINT `attendance_ibfk_1` FOREIGN KEY (`username`) REFERENCES `users` (`username`) ON DELETE CASCADE ON UPDATE CASCADE,
  ADD CONSTRAINT `attendance_ibfk_2` FOREIGN KEY (`employee_id`) REFERENCES `employee` (`id`) ON UPDATE CASCADE,
  ADD CONSTRAINT `attendance_ibfk_3` FOREIGN KEY (`department_id`) REFERENCES `department` (`id`) ON UPDATE CASCADE,
  ADD CONSTRAINT `attendance_ibfk_4` FOREIGN KEY (`shift_id`) REFERENCES `shift` (`id`) ON UPDATE CASCADE,
  ADD CONSTRAINT `attendance_ibfk_5` FOREIGN KEY (`location_id`) REFERENCES `location` (`id`) ON UPDATE CASCADE;

--
-- Ketidakleluasaan untuk tabel `employee_department`
--
ALTER TABLE `employee_department`
  ADD CONSTRAINT `employee_department_ibfk_1` FOREIGN KEY (`employee_id`) REFERENCES `employee` (`id`) ON DELETE CASCADE ON UPDATE CASCADE,
  ADD CONSTRAINT `employee_department_ibfk_2` FOREIGN KEY (`department_id`) REFERENCES `department` (`id`) ON DELETE CASCADE ON UPDATE CASCADE;

--
-- Ketidakleluasaan untuk tabel `users`
--
ALTER TABLE `users`
  ADD CONSTRAINT `users_ibfk_1` FOREIGN KEY (`employee_id`) REFERENCES `employee` (`id`) ON UPDATE CASCADE,
  ADD CONSTRAINT `users_ibfk_2` FOREIGN KEY (`role_id`) REFERENCES `user_role` (`id`) ON UPDATE CASCADE;

--
-- Ketidakleluasaan untuk tabel `user_access`
--
ALTER TABLE `user_access`
  ADD CONSTRAINT `user_access_ibfk_1` FOREIGN KEY (`menu_id`) REFERENCES `user_menu` (`id`) ON UPDATE CASCADE,
  ADD CONSTRAINT `user_access_ibfk_2` FOREIGN KEY (`role_id`) REFERENCES `user_role` (`id`) ON UPDATE CASCADE;

--
-- Ketidakleluasaan untuk tabel `user_submenu`
--
ALTER TABLE `user_submenu`
  ADD CONSTRAINT `user_submenu_ibfk_1` FOREIGN KEY (`menu_id`) REFERENCES `user_menu` (`id`) ON UPDATE CASCADE;
COMMIT;

/*!40101 SET CHARACTER_SET_CLIENT=@OLD_CHARACTER_SET_CLIENT */;
/*!40101 SET CHARACTER_SET_RESULTS=@OLD_CHARACTER_SET_RESULTS */;
/*!40101 SET COLLATION_CONNECTION=@OLD_COLLATION_CONNECTION */;
